Model,RMSE,MAE,R2
GradientBoosting,0.7169091669606172,0.495517994014166,0.9978654121605465
XGBoost,1.3708097158250765,0.9623265862464905,0.9921956062316895
DecisionTree,1.6789469750622488,1.2772410091250674,0.9882926197469298
RandomForest,1.7524170998964128,1.0476681444427762,0.9872455795825913
